Domain name	Product Category	Duration
machscape.in	Domain Registration	1 Year  
tarachandhospital.in	Google Workspace	1 Year  
somethingmore.in	Domain Registration	2 Years  
ubiqueinfra.com	Domain Registration	2 Years  
ksrshelters.com	Enterprise Email (USA)	2 Years  
bnspmk.org	Domain Registration	5 Years  
ksrshelters.com	Domain Registration	5 Years  
tarachandhospital.in	Domain Registration	3 Years  
kamalacorp.com	Google Workspace	3 Years  
tharwaniconstructions.com	Domain Registration	3 Years  
machscape.in	Titan EMail (India)	1 Year  
somethingmore.in	Titan EMail (India)	2 Years  
ubiqueinfra.com	Titan EMail (India)	2 Years  
bnspmk.org	Titan EMail (India)	5 Years  
ksrshelters.com	Titan EMail (India)	5 Years  
tharwaniconstructions.com	Titan EMail (India)	3 Years  
cksaraf.com	Domain Registration	3 Years  
kdsonigarajewellers.com	Domain Registration	3 Years  
oormijswinfra.in	Domain Registration	4 Years  
botree.in	Domain Registration	15 Years  
botree.in	SSL Certificate	4 Years  
indiocorpdesigns.com	Domain Registration	4 Years  
donateplasma.info	Domain Registration	5 Years  
acufire.com	SSL Certificate	1 Year  
indiocorp.com	Domain Registration	5 Years  
advertisingagencyinmumbai.com	Domain Registration	5 Years  
advertisingagencyinpune.com	Domain Registration	5 Years  
kamalacorp.com	Domain Registration	6 Years  
eturn.in	Domain Registration	9 Years  
quinteze.com	Domain Registration	10 Years  
botree.in	Multi Domain Windows Hosting (USA-TX)	9 Years  6 Months 
advertisingagencyinpune.com	Titan EMail (India)	5 Years  
cksaraf.com	Titan EMail (India)	3 Years  
kdsonigarajewellers.com	Titan EMail (India)	3 Years  
oormijswinfra.in	Titan EMail (India)	4 Years  
indiocorpdesigns.com	Titan EMail (India)	4 Years  
donateplasma.info	Titan EMail (India)	5 Years  
indiocorp.com	Titan EMail (India)	5 Years  
advertisingagencyinmumbai.com	Titan EMail (India)	5 Years  
